{
  "hash": "a50749ca",
  "configHash": "b1a9d18b",
  "lockfileHash": "812eeccf",
  "browserHash": "cc00f2e2",
  "optimized": {
    "@angular/common/http": {
      "src": "../../../../../node_modules/@angular/common/fesm2022/http.mjs",
      "file": "@angular_common_http.js",
      "fileHash": "59b57d87",
      "needsInterop": false
    },
    "@angular/core": {
      "src": "../../../../../node_modules/@angular/core/fesm2022/core.mjs",
      "file": "@angular_core.js",
      "fileHash": "90b09b71",
      "needsInterop": false
    },
    "@angular/platform-browser": {
      "src": "../../../../../node_modules/@angular/platform-browser/fesm2022/platform-browser.mjs",
      "file": "@angular_platform-browser.js",
      "fileHash": "7ad6b901",
      "needsInterop": false
    },
    "@angular/router": {
      "src": "../../../../../node_modules/@angular/router/fesm2022/router.mjs",
      "file": "@angular_router.js",
      "fileHash": "d108c819",
      "needsInterop": false
    },
    "ngx-toastr": {
      "src": "../../../../../node_modules/ngx-toastr/fesm2022/ngx-toastr.mjs",
      "file": "ngx-toastr.js",
      "fileHash": "c2252aa8",
      "needsInterop": false
    },
    "rxjs": {
      "src": "../../../../../node_modules/rxjs/dist/esm5/index.js",
      "file": "rxjs.js",
      "fileHash": "696ca762",
      "needsInterop": false
    },
    "rxjs/operators": {
      "src": "../../../../../node_modules/rxjs/dist/esm5/operators/index.js",
      "file": "rxjs_operators.js",
      "fileHash": "a964a129",
      "needsInterop": false
    },
    "@angular/common": {
      "src": "../../../../../node_modules/@angular/common/fesm2022/common.mjs",
      "file": "@angular_common.js",
      "fileHash": "cf6b0821",
      "needsInterop": false
    },
    "ngx-loading": {
      "src": "../../../../../node_modules/ngx-loading/fesm2022/ngx-loading.mjs",
      "file": "ngx-loading.js",
      "fileHash": "73b47907",
      "needsInterop": false
    },
    "@angular/platform-browser/animations": {
      "src": "../../../../../node_modules/@angular/platform-browser/fesm2022/animations.mjs",
      "file": "@angular_platform-browser_animations.js",
      "fileHash": "2b2a7ea2",
      "needsInterop": false
    },
    "ng-lazyload-image": {
      "src": "../../../../../node_modules/ng-lazyload-image/fesm2020/ng-lazyload-image.mjs",
      "file": "ng-lazyload-image.js",
      "fileHash": "40d88a6a",
      "needsInterop": false
    },
    "@angular/forms": {
      "src": "../../../../../node_modules/@angular/forms/fesm2022/forms.mjs",
      "file": "@angular_forms.js",
      "fileHash": "7c5a9fb6",
      "needsInterop": false
    }
  },
  "chunks": {
    "chunk-CDEOXCWH": {
      "file": "chunk-CDEOXCWH.js"
    },
    "chunk-5LV5AQHJ": {
      "file": "chunk-5LV5AQHJ.js"
    },
    "chunk-SRMAZHWM": {
      "file": "chunk-SRMAZHWM.js"
    },
    "chunk-DGV72MND": {
      "file": "chunk-DGV72MND.js"
    },
    "chunk-4RVK6YC4": {
      "file": "chunk-4RVK6YC4.js"
    },
    "chunk-UKEHM6V6": {
      "file": "chunk-UKEHM6V6.js"
    },
    "chunk-V2DXGMIT": {
      "file": "chunk-V2DXGMIT.js"
    },
    "chunk-ZDOIMVJD": {
      "file": "chunk-ZDOIMVJD.js"
    }
  }
}